sample,spp,initial_wt_g,coll_wt_g,days,soil_block,row,percent_n,percent_c,prop_c,initial_prop_c,collected_prop_c,prop_c_remain,pct_c_remaing,prop_n,initial_prop_n,collected_prop_n,prop_n_remain,pct_n_remain
2,PC,23.689,23.141,0,1,1,1.84,44.4,0.444,10.7761261,10.274604,0.953459889449512,95.3459889449512,0.0184,0.44345808000000003,0.42579439999999996,0.9601683207576237,96.01683207576237
183,GM_PC,24.783,24.581,0,1,1,1.84,43.7,0.43700000000000006,10.6904840988,10.741897000000002,1.004809221053495,100.48092210534948,0.0184,0.39540161265000007,0.4522904,1.1438759618827263,114.38759618827264
236,CR,22.415,20.883,0,1,1,1.58,43,0.43,9.633967,8.97969,0.932086439573646,93.2086439573646,0.0158,0.32255185,0.3299514,1.0229406527973721,102.29406527973721
323,AR,23.875,22.134,0,1,1,1.76,41.1,0.411,9.8627625,9.097074,0.9223657165018422,92.23657165018422,0.0176,0.40850125,0.3895584,0.9536284160697184,95.36284160697184
11,PC,25.556,24.848,0,1,2,1.45,45,0.45,11.625424400000002,11.1816,0.9618229507388992,96.18229507388992,0.014499999999999999,0.47840832000000005,0.36029599999999995,0.753113992666348,75.31139926663481
121,GM_PC,23.302,23.361,0,1,2,1.74,44.2,0.442,10.0516346072,10.325562,1.0272520245218408,102.72520245218408,0.0174,0.3717729241,0.4064814,1.0933593428946538,109.33593428946537
223,CR,22.739,21.226,0,1,2,1.69,43.3,0.433,9.7732222,9.190858,0.9404122623959168,94.04122623959168,0.0169,0.32721421,0.35871939999999997,1.09628307401442,109.628307401442
387,AR,23.035,21.388,0,1,2,1.49,41.2,0.412,9.5157585,8.811856,0.9260277044651776,92.60277044651777,0.0149,0.39412885000000003,0.31868120000000005,0.8085711056168561,80.8571105616856
77,PC,24.881,24.342,0,1,3,2.19,45.5,0.455,11.3183669,11.07561,0.9785519499283946,97.85519499283946,0.0219,0.46577232,0.5330898,1.144528725966369,114.4528725966369
176,GM_PC,24.481,23.871,0,1,3,1.36,45.6,0.456,10.5602122916,10.885176,1.030772459816787,103.07724598167869,0.013600000000000001,0.39058333855000005,0.3246456,0.8311813842475025,83.11813842475026
240,CR,23.294,21.393,0,1,3,1.36,42.4,0.424,10.0117612,9.070632,0.9059976380579272,90.59976380579272,0.013600000000000001,0.33520066,0.2909448,0.8679720380025505,86.79720380025505
396,AR,23.779,22.141,0,1,3,1.57,41.6,0.416,9.8231049,9.210656,0.937652208111918,93.76522081119178,0.015700000000000002,0.40685869,0.3476137,0.8543843563965661,85.4384356396566
33,PC,24.673,24.556,0,1,4,2.55,47.2,0.472,11.2237477,11.590432000000002,1.032670397607031,103.2670397607031,0.0255,0.46187856,0.626178,1.355719997048575,135.5719997048575
159,GM_PC,24.805,24.442,0,1,4,1.48,45.3,0.453,10.699974098,11.072226,1.034789981600944,103.4789981600944,0.0148,0.39575261275,0.3617416,0.9140599160832703,91.40599160832703
258,CR,22.677,21.05,0,1,4,1.32,42.9,0.429,9.7465746,9.03045,0.926525509792948,92.65255097929482,0.0132,0.32632203,0.27786,0.8514901675501345,85.14901675501345
386,AR,22.69,21.196,0,1,4,1.65,41.5,0.415,9.373239000000002,8.79634,0.9384525455928308,93.84525455928308,0.0165,0.3882259,0.34973400000000004,0.900851797883655,90.0851797883655
10,PC,24.173,23.573,0,1,5,1.59,44.9,0.449,10.9962977,10.584277,0.962530961670854,96.2530961670854,0.0159,0.45251855999999996,0.37481070000000005,0.8282769661425602,82.82769661425601
123,GM_PC,23.508,23.372,0,1,5,1.38,45,0.45,10.1404955088,10.5174,1.0371682518741734,103.71682518741734,0.0138,0.3750595614,0.3225336,0.8599530133189133,85.99530133189133
255,CR,22.334,20.583,0,1,5,1.35,43.8,0.43799999999999994,9.5991532,9.015354,0.9391822186982076,93.91822186982075,0.013500000000000002,0.32138626,0.2778705,0.8645998120765961,86.45998120765961
392,AR,23.252,21.695,0,1,5,1.76,40.8,0.408,9.6054012,8.85156,0.9215190303555462,92.1519030355546,0.0176,0.39784172,0.381832,0.9597585693124391,95.97585693124391
56,PC,24.762,23.931,0,2,6,1.66,45.5,0.455,11.2642338,10.888605,0.9666529648914068,96.66529648914069,0.0166,0.46354464,0.3972546,0.8569931905587346,85.69931905587346
118,GM_PC,24.775,24.62,0,2,6,1.5,45.3,0.453,10.68703319,11.15286,1.0435880381129423,104.35880381129424,0.015,0.39527397625,0.3693,0.9342886761824862,93.42886761824862
211,CR,22.504,21.087,0,2,6,1.41,42.6,0.426,9.6722192,8.983062,0.9287488025498842,92.87488025498844,0.0141,0.32383256000000005,0.2973267,0.918149490588593,91.8149490588593
325,AR,23.05,21.543,0,2,6,1.85,41.5,0.415,9.521955,8.940344999999999,0.938919056013182,93.8919056013182,0.018500000000000003,0.3943855,0.39854550000000005,1.010548055138944,101.05480551389441
34,PC,24.263,23.752,0,2,7,1.87,45.5,0.455,11.0372387,10.80716,0.9791543241698668,97.91543241698668,0.0187,0.45420336000000006,0.4441624,0.9778932502833091,97.78932502833091
130,GM_PC,24.425,24.097,0,2,7,1.76,44.9,0.449,10.53605593,10.819553,1.026907323943942,102.6907323943942,0.0176,0.38968988375,0.4241072000000001,1.0883197580568449,108.8319758056845
272,CR,23.233,21.327,0,2,7,1.45,42.8,0.428,9.9855434,9.127956,0.9141171025304442,91.41171025304442,0.014499999999999999,0.33432287,0.3092415,0.9249785992803903,92.49785992803903
315,AR,22.536,20.634,0,2,7,1.87,41.2,0.412,9.309621600000002,8.501208,0.913163645663106,91.3163645663106,0.0187,0.38559096000000004,0.3858558,1.0006868418284496,100.06868418284496
84,PC,24.494,24.808,0,2,8,2.17,45.7,0.457,11.1423206,11.337256,1.0174950449729476,101.74950449729477,0.0217,0.45852768,0.5383336,1.1740482057702601,117.40482057702602
109,GM_PC,26.027,26.091,0,2,8,1.74,44,0.44,11.2271004172,11.48004,1.0225293774350228,102.25293774350229,0.0174,0.41524907285000007,0.4539834,1.0932797438514494,109.32797438514494
215,CR,22.77,20.672,0,2,8,1.46,42.8,0.428,9.786546,8.847616,0.9040591031810408,90.40591031810406,0.0146,0.3276603,0.3018112,0.9211100642952472,92.11100642952472
393,AR,23.033,21.475,0,2,8,1.65,41.8,0.418,9.514932300000002,8.97655,0.9434171171139072,94.34171171139072,0.0165,0.39409463,0.3543375,0.8991178083294361,89.9117808329436
73,PC,24.455,23.853,0,2,9,1.62,45,0.45,11.1245795,10.73385,0.9648769196175012,96.48769196175012,0.016200000000000003,0.45779759999999997,0.3864186000000001,0.8440817514115411,84.4081751411541
106,GM_PC,25.459,25.439,0,2,9,1.41,45.2,0.452,10.9820858924,11.498428,1.047016760992311,104.7016760992311,0.0141,0.40618688845,0.3586899,0.8830661702763292,88.30661702763291
283,CR,22.948,21.542,0,2,9,1.33,42.9,0.429,9.8630504,9.241518,0.9369837550460048,93.69837550460048,0.013300000000000001,0.33022172,0.28650860000000006,0.8676249399948618,86.76249399948618
379,AR,23.238,21.129,0,2,9,1.74,40.9,0.409,9.5996178,8.641761,0.9002192774799846,90.02192774799846,0.0174,0.39760217999999997,0.3676446,0.9246543869553231,92.46543869553231
25,PC,24.96,24.028,0,2,10,1.78,46.2,0.462,11.354304,11.100936,0.9776852900891152,97.76852900891151,0.0178,0.46725120000000003,0.4276984,0.9153500301336839,91.53500301336838
200,GM_PC,22.932,25.034,0,2,10,1.76,44.1,0.441,9.8920300752,11.039994,1.1160493767278392,111.60493767278392,0.0176,0.3658697406,0.4405984,1.2042493573736117,120.42493573736117
200,GM_PC,22.932,25.034,0,2,10,1.58,27.2,0.272,9.8920300752,6.809248,0.688356985192681,68.83569851926809,0.0158,0.3658697406,0.39553720000000003,1.0810874912785833,108.10874912785833
276,CR,23.275,21.481,0,2,10,1.44,43.3,0.433,10.003595,9.301273,0.9297930394023348,92.97930394023348,0.0144,0.33492724999999995,0.3093264,0.9235629528502086,92.35629528502086
394,AR,23.677,22.167,0,2,10,1.77,41.5,0.415,9.7809687,9.199305,0.9405310743914352,94.05310743914352,0.0177,0.40511347,0.39235590000000004,0.9685086501813925,96.85086501813926
28,PC,24.473,20.668,14,1,1,1.45,43.7,0.43700000000000006,11.1327677,9.031916,0.8112911580828189,81.1291158082819,0.014499999999999999,0.45813455999999997,0.29968599999999995,0.65414405758867,65.414405758867
140,GM_PC,24.657,21.806,14,1,1,1.2,44.8,0.4479999999999999,10.6361322852,9.769088,0.918481242809806,91.8481242809806,0.012,0.39339133935000004,0.261672,0.6651697020894265,66.51697020894265
249,CR,22.318,16.682,14,1,1,1.14,40.9,0.409,9.5922764,6.822937999999999,0.7112949747778325,71.12949747778326,0.011399999999999999,0.32115602000000004,0.19017479999999995,0.5921570456627278,59.21570456627278
321,AR,22.812,16.257,14,1,1,1.28,39.8,0.398,9.423637200000002,6.470286,0.6866017719782335,68.66017719782334,0.0128,0.39031332,0.20808960000000004,0.5331347646552262,53.313476465522626
57,PC,24.357,20.689,14,1,2,1.55,43,0.43,11.0799993,8.89627,0.8029125055991654,80.29125055991653,0.0155,0.45596304,0.3206795,0.7033015219830099,70.330152198301
156,GM_PC,24.764,22.841,14,1,2,1.24,42.6,0.426,10.6822881904,9.730266,0.910878439765783,91.0878439765783,0.0124,0.39509847620000005,0.2832284,0.716855207147468,71.6855207147468
212,CR,22.444,17.276,14,1,2,1.23,36.2,0.362,9.6464312,6.253912000000001,0.6483135441840917,64.83135441840918,0.0123,0.32296916,0.2124948,0.6579414579398232,65.79414579398232
362,AR,23.852,19.339,14,1,2,1.31,33.9,0.33899999999999997,9.8532612,6.555920999999999,0.6653554459715326,66.53554459715326,0.0131,0.40810772,0.2533409,0.6207696830630892,62.07696830630892
67,PC,25.11,20.712,14,1,3,1.62,43.2,0.4320000000000001,11.422539,8.947584,0.7833270694019955,78.33270694019954,0.016200000000000003,0.4700592,0.33553440000000007,0.7138130686517784,71.38130686517783
154,GM_PC,24.979,21.34,14,1,3,1.42,41.2,0.412,10.7750313644,8.79208,0.8159679264645538,81.59679264645538,0.014199999999999999,0.39852870445000005,0.30302799999999996,0.7603668107626066,76.03668107626066
238,CR,22.586,17.023,14,1,3,1.27,41.7,0.417,9.7074628,7.098591000000001,0.7312509093519267,73.12509093519267,0.0127,0.32501253999999996,0.2161921,0.6651807957932947,66.51807957932947
329,AR,22.761,17.721,14,1,3,1.61,39.1,0.391,9.4025691,6.928911,0.7369167858601539,73.69167858601539,0.0161,0.38944070999999997,0.2853081,0.7326098496482303,73.26098496482302
86,PC,24.129,20.398,14,1,4,1.8,43.8,0.43799999999999994,10.9762821,8.934323999999998,0.8139663247175469,81.3966324717547,0.018000000000000002,0.45169488,0.36716400000000005,0.812858449934168,81.2858449934168
112,GM_PC,25.908,23.621,14,1,4,1.4,42.9,0.429,11.1757681488,10.133409,0.9067304247080388,90.67304247080388,0.013999999999999999,0.4133504814000001,0.33069399999999993,0.8000329378593046,80.00329378593047
201,CR,22.603,21.441,14,1,4,1.04,39,0.39,9.714769400000002,8.36199,0.8607502304686717,86.07502304686717,0.0104,0.32525717000000004,0.22298639999999997,0.6855695141170907,68.55695141170906
333,AR,23.878,20.119,14,1,4,1.42,37.9,0.379,9.8640018,7.625101,0.7730230746713772,77.30230746713772,0.014199999999999999,0.40855258,0.2856898,0.6992730287004919,69.92730287004919
12,PC,24.599,20.496,14,1,5,2.18,46,0.46,11.1900851,9.42816,0.8425458712552596,84.25458712552596,0.0218,0.46049328,0.44681279999999995,0.9702916837353196,97.02916837353196
174,GM_PC,24.784,22.073,14,1,5,1.2,44.6,0.446,10.6909154624,9.844558,0.920833958010739,92.08339580107388,0.012,0.39541756720000004,0.264876,0.6698640171088484,66.98640171088483
225,CR,22.993,18.401,14,1,5,1.26,42.4,0.424,9.8823914,7.802023999999999,0.7894874513875255,78.94874513875256,0.0126,0.33086927,0.2318526,0.7007377868606535,70.07377868606535
299,AR,22.364,15.676,14,1,5,1.6,40.5,0.405,9.2385684,6.3487800000000005,0.6872038745743334,68.72038745743335,0.016,0.38264804,0.250816,0.6554744145559976,65.54744145559977
20,PC,25.37,22.009,14,2,6,1.37,45,0.45,11.540813000000002,9.90405,0.858176109430072,85.81761094300721,0.0137,0.4749264,0.3015233,0.63488426838348,63.488426838348
178,GM_PC,24.712,22.816,14,2,6,1.33,37.6,0.376,10.6598572832,8.578816,0.8047777537810253,80.47777537810254,0.013300000000000001,0.39426883960000003,0.3034528,0.7696596066477479,76.9659606647748
260,CR,22.604,18.465,14,2,6,1.18,39.5,0.395,9.7151992,7.293675,0.7507488884015883,75.07488884015882,0.0118,0.32527156,0.217887,0.6698618225337623,66.98618225337623
314,AR,22.97,17.596,14,2,6,1.2,41,0.41,9.488907,7.214359999999999,0.760294099204471,76.0294099204471,0.012,0.3930167,0.211152,0.5372596126322368,53.725961263223674
72,PC,24.899,21.052,14,2,7,1.7,45.1,0.451,11.3265551,9.494452,0.8382471030401821,83.82471030401821,0.017,0.46610928,0.35788400000000004,0.7678113596021946,76.78113596021946
165,GM_PC,24.496,22.741,14,2,7,1.76,43.4,0.434,10.5666827456,9.869594,0.9340295566373212,93.402955663732115,0.0176,0.3908226568,0.40024160000000003,1.0241002998063649,102.41002998063648
286,CR,23.07,17.881,14,2,7,1.24,41.1,0.411,9.915486,7.349091,0.7411730499140435,74.11730499140435,0.0124,0.33197730000000003,0.2217244,0.6678902443028483,66.78902443028483
347,AR,23.934,18.063,14,2,7,1.49,39.1,0.391,9.887135400000002,7.062633,0.7143255062533076,71.43255062533076,0.0149,0.40951074000000004,0.2691387,0.6572201256553124,65.72201256553124
88,PC,24.411,20.91,14,2,8,2.2,43.9,0.439,11.1045639,9.17949,0.826641197498985,82.6641197498985,0.022000000000000002,0.45697392000000003,0.46002000000000004,1.0066657633328397,100.66657633328397
185,GM_PC,24.751,22.67,14,2,8,1.57,43.7,0.43700000000000006,10.6766804636,9.906790000000004,0.9278904649975444,92.78904649975443,0.015700000000000002,0.39489106705000004,0.3559190000000001,0.901309322236288,90.1309322236288
256,CR,23.209,17.046,14,2,8,1.24,41.8,0.418,9.9752282,7.125227999999999,0.71429223042737,71.429223042737,0.0124,0.33397751,0.21137039999999999,0.6328881247123497,63.28881247123497
344,AR,23.047,16.924,14,2,8,1.41,39.3,0.393,9.5207157,6.651131999999999,0.698595799893489,69.8595799893489,0.0141,0.39433417000000004,0.2386284,0.6051425875672909,60.51425875672909
46,PC,24.49,20.09,14,2,9,1.57,44.2,0.442,11.140501,8.87978,0.7970718731590258,79.70718731590259,0.015700000000000002,0.4584528,0.31541300000000005,0.687994489290937,68.7994489290937
167,GM_PC,24.704,22.329,14,2,9,1.45,44,0.44,10.6564063744,9.82476,0.921958083693404,92.1958083693404,0.014499999999999999,0.39414120320000007,0.32377049999999996,0.8214581408168795,82.14581408168794
275,CR,22.673,18.186,14,2,9,0.95,41.8,0.418,9.7448554,7.601748,0.7800780707325837,78.00780707325838,0.0095,0.32626447,0.172767,0.5295305369904361,52.95305369904361
377,AR,22.947,17.605,14,2,9,1.56,40,0.4,9.4794057,7.042000000000001,0.7428735748697832,74.28735748697832,0.015600000000000001,0.39262316999999997,0.27463800000000005,0.6994951418684742,69.94951418684742
79,PC,24.552,20.451,14,2,10,1.79,44.6,0.446,11.1687048,9.121146,0.8166699866577187,81.66699866577187,0.0179,0.45961344,0.3660729,0.7964799723872305,79.64799723872305
119,GM_PC,24.043,21.092,14,2,10,1.4,44.2,0.442,10.3712750348,9.322664,0.8988927560708333,89.88927560708333,0.013999999999999999,0.38359524565,0.29528799999999994,0.7697905627053225,76.97905627053225
287,CR,23.488,17.821,14,2,10,1.29,42.2,0.422,10.0951424,7.520462000000001,0.744958486172518,74.49584861725181,0.0129,0.33799232,0.2298909,0.6801660463764384,68.01660463764384
361,AR,22.545,14.164,14,2,10,1.41,40.8,0.408,9.3133395,5.778911999999999,0.6204983722541199,62.049837225411984,0.0141,0.38574495000000003,0.19971239999999998,0.5177317292164161,51.77317292164161
3,PC,24.081,18.301,35,1,1,1.49,42.4,0.424,10.9544469,7.759623999999999,0.7083537919198821,70.83537919198821,0.0149,0.45079632000000003,0.27268489999999995,0.6048960204466619,60.48960204466619
143,GM_PC,24.86,20.043,35,1,1,1.68,44.1,0.441,10.723699096,8.838963,0.8242457123118069,82.42457123118069,0.0168,0.396630113,0.3367224,0.8489582332847229,84.89582332847229
289,CR,22.74,16.427,35,1,1,1.47,34.1,0.341,9.773652,5.601607,0.5731334612691347,57.313346126913466,0.0147,0.3272286,0.2414769,0.7379455829961074,73.79455829961074
318,AR,23.61,14.397,35,1,1,1.67,28.1,0.281,9.753291,4.0455570000000005,0.41478891586439903,41.4788915864399,0.0167,0.40396709999999997,0.2404299,0.5951719830649576,59.51719830649576
1,PC,23.578,17.166,35,1,2,1.73,39.4,0.394,10.7256322,6.7634039999999995,0.6305832489762235,63.05832489762235,0.0173,0.44138016,0.2969718,0.6728254391860296,67.28254391860295
173,GM_PC,24.743,22.277,35,1,2,1.42,34.6,0.34600000000000003,10.6732295548,7.707842000000001,0.7221658599606907,72.21658599606907,0.014199999999999999,0.39476343065,0.3163334,0.8013239713697375,80.13239713697375
242,CR,22.848,18.481,35,1,2,1.23,37.2,0.37200000000000005,9.8200704,6.874932000000001,0.7000898893759459,70.00898893759458,0.0123,0.32878272,0.22731630000000003,0.691387613071636,69.1387613071636
334,AR,22.405,18.087,35,1,2,1.79,26.1,0.261,9.255505500000002,4.720707,0.5100431305453818,51.00431305453817,0.0179,0.38334955000000004,0.32375729999999997,0.8445485327946777,84.45485327946777
18,PC,24.141,19.904,35,1,3,1.6,43,0.43,10.9817409,8.55872,0.7793591269304122,77.93591269304122,0.016,0.45191951999999996,0.318464,0.7046918442469581,70.46918442469581
155,GM_PC,24.533,21.675,35,1,3,1.38,42.4,0.424,10.5826431988,9.1902,0.8684219837480778,86.84219837480778,0.0138,0.39141297515000006,0.299115,0.7641928576470186,76.41928576470185
231,CR,22.712,16.531,35,1,3,1.5,35,0.35,9.7616176,5.785849999999999,0.5927142648980634,59.271426489806345,0.015,0.32682568,0.24796499999999996,0.758707210522747,75.8707210522747
378,AR,22.992,17.141,35,1,3,1.7,30.4,0.304,9.4979952,5.210863999999999,0.5486277777862005,54.86277777862006,0.017,0.39339312000000004,0.291397,0.7407272399679994,74.07272399679994
81,PC,23.526,21.464,35,1,4,1.41,38.8,0.388,10.7019774,8.328031999999999,0.7781769376563996,77.81769376563996,0.0141,0.44040672000000003,0.3026424,0.687188424372816,68.71884243728161
141,GM_PC,24.393,20.718,35,1,4,1.54,43.1,0.431,10.5222522948,8.929458,0.8486261068281793,84.86261068281793,0.0154,0.38917933815000005,0.3190572,0.8198205010488683,81.98205010488682
199,CR,22.932,16.329,35,1,4,1.48,37.9,0.379,9.8561736,6.188691,0.6278999590672795,62.789995906727945,0.0148,0.32999148,0.24166920000000003,0.7323498170316398,73.23498170316398
350,AR,23.707,14.635,35,1,4,1.75,33.4,0.33399999999999996,9.7933617,4.888089999999999,0.4991227884496494,49.912278844964945,0.0175,0.40562677,0.2561125,0.6313994019674787,63.139940196747865
24,PC,24.783,19.087,35,1,5,1.51,38.4,0.384,11.2737867,7.329408,0.6501283193516514,65.01283193516514,0.0151,0.46393776000000003,0.2882137,0.6212335464998581,62.12335464998581
164,GM_PC,24.477,20.878,35,1,5,1.29,42.7,0.4270000000000001,10.5584868372,8.914906,0.844335569808234,84.4335569808234,0.0129,0.39051952035000004,0.2693262,0.6896612997952536,68.96612997952536
244,CR,22.986,17.387,35,1,5,1.27,34.2,0.342,9.8793828,5.946354,0.6018952924872999,60.18952924872999,0.0127,0.33076854,0.2208149,0.6675813243907659,66.75813243907659
348,AR,23.156,14.896,35,1,5,1.83,31.4,0.314,9.5657436,4.677344000000001,0.4889681550736945,48.89681550736945,0.0183,0.39619916,0.27259680000000003,0.6880297272715067,68.80297272715067
80,PC,24.857,18.47,35,2,6,1.8,43.1,0.431,11.3074493,7.96057,0.7040111159286825,70.40111159286825,0.018000000000000002,0.46532304,0.33246000000000003,0.7144713917453991,71.44713917453991
187,GM_PC,24.522,20.21,35,2,6,1.47,39.3,0.393,10.5778981992,7.94253,0.7508608846888589,75.08608846888589,0.0147,0.3912374751,0.297087,0.7593521043045909,75.9352104304591
359,CR,22.751,13.387,35,2,6,1.73,33.1,0.331,9.778379800000002,4.431097,0.4531524741961853,45.31524741961853,0.0173,0.32738689000000004,0.2315951,0.7074049299897133,70.74049299897133
93,PC,25.115,16.613,35,2,7,2.49,45,0.45,11.4248135,7.47585,0.6543520382192672,65.43520382192672,0.024900000000000002,0.4701528,0.4136637,0.8798494872305345,87.98494872305345
129,GM_PC,24.729,19.818,35,2,7,1.46,41.7,0.417,10.6671904644,8.264106000000002,0.7747218939776224,77.47218939776224,0.0146,0.39454006695000005,0.2893428,0.7333673414636196,73.33673414636196
265,CR,22.356,13.579,35,2,7,1.68,38.9,0.389,9.6086088,5.282231,0.5497394170111286,54.973941701112864,0.0168,0.32170284000000005,0.2281272,0.709123985352445,70.9123985352445
368,AR,22.724,12.361,35,2,7,1.93,37,0.37,9.3872844,4.57357,0.48720905909700574,48.720905909700576,0.019299999999999998,0.38880764,0.23856729999999998,0.6135869655236198,61.35869655236198
19,PC,25.155,18.18,35,2,8,1.64,45.3,0.453,11.4430095,8.235539999999999,0.719700529830024,71.9700529830024,0.016399999999999998,0.47090160000000003,0.298152,0.633151384493066,63.315138449306595
142,GM_PC,24.815,16.707,35,2,8,1.5,43.2,0.4320000000000001,10.704287734,7.217424000000001,0.6742554179551168,67.42554179551168,0.015,0.39591215825000003,0.250605,0.6329813186534036,63.29813186534036
270,CR,23.54,16.308,35,2,8,1.48,37.2,0.37200000000000005,10.117492,6.066576,0.5996126312726514,59.96126312726514,0.0148,0.3387406,0.2413584,0.7125168934577077,71.25168934577077
309,AR,23.406,12.381,35,2,8,2,34.4,0.344,9.6690186,4.2590639999999995,0.4404856559072086,44.04856559072086,0.02,0.40047666,0.24762,0.6183131870906036,61.831318709060355
82,PC,24.944,18.132,35,2,9,1.92,43.8,0.43799999999999994,11.3470256,7.941815999999999,0.6999028890883968,69.99028890883969,0.0192,0.46695168,0.3481344,0.7455469482409829,74.55469482409829
194,GM_PC,24.927,20.162,35,2,9,1.36,44.3,0.4429999999999999,10.7526004572,8.931765999999998,0.8306610141009414,83.06610141009413,0.013600000000000001,0.39769906785000003,0.2742032,0.6894740827087407,68.94740827087406
280,CR,23.836,14.503,35,2,9,1.32,39.2,0.392,10.2447128,5.685176,0.5549375674055012,55.49375674055012,0.0132,0.34300004,0.1914396,0.5581328795180315,55.81328795180315
324,AR,23.05,13.547,35,2,9,1.91,37.5,0.375,9.521955,5.080125000000001,0.5335170141005708,53.35170141005708,0.0191,0.3943855,0.25874769999999997,0.6560781266045531,65.60781266045531
64,PC,24.097,16.529,35,2,10,2.33,45,0.45,10.9617253,7.43805,0.6785473815878236,67.85473815878235,0.0233,0.45109584,0.3851257,0.8537558227094268,85.37558227094269
136,GM_PC,24.819,20.054,35,2,10,1.64,44.2,0.442,10.7060131884,8.863868,0.8279335961965776,82.79335961965776,0.016399999999999998,0.39597597645000004,0.32888559999999994,0.830569578863147,83.05695788631469
227,CR,22.49,13.585,35,2,10,1.5,40.4,0.404,9.666202,5.48834,0.5677866032594808,56.77866032594808,0.015,0.3236311,0.203775,0.6296520946225502,62.965209462255025
302,AR,23.855,10.467,35,2,10,2.08,36.2,0.362,9.8545005,3.7890540000000006,0.3844998536455501,38.44998536455501,0.0208,0.40815905,0.2177136,0.5334038287280412,53.34038287280411
4,PC,23.471,17.322,63,1,1,1.72,38.7,0.387,10.6769579,6.703614,0.6278580530883239,62.78580530883239,0.0172,0.43937712,0.2979384,0.6780926598999966,67.80926598999966
127,GM_PC,24.703,20.393,63,1,1,1.57,37.9,0.379,10.6559750108,7.728947000000001,0.725315796270786,72.5315796270786,0.015700000000000002,0.39412524865000004,0.32017010000000007,0.8123562271046602,81.23562271046602
221,CR,22.417,13.994,63,1,1,1.75,32,0.32,9.6348266,4.47808,0.4647805493458492,46.47805493458492,0.0175,0.32258063000000003,0.24489500000000003,0.7591745356812032,75.91745356812032
311,AR,23.446,12.011,63,1,1,1.87,36,0.36,9.685542600000002,4.32396,0.4464344620197116,44.64344620197116,0.0187,0.40116106,0.2246057,0.5598890879388941,55.988908793889415
90,PC,25.247,18.057,63,1,2,2.04,41.6,0.416,11.4848603,7.511712,0.6540534062917596,65.40534062917595,0.0204,0.47262384,0.3683628,0.7793995326177368,77.93995326177368
146,GM_PC,24.473,18.848,63,1,2,1.69,40.9,0.409,10.5567613828,7.708831999999999,0.730226981596828,73.0226981596828,0.0169,0.39045570215000003,0.31853119999999996,0.815793438912645,81.5793438912645
228,CR,22.776,14.61,63,1,2,1.63,36.1,0.361,9.7891248,5.274209999999999,0.538782588613029,53.878258861302896,0.0163,0.32774664,0.23814299999999997,0.726606991302794,72.66069913027941
303,AR,23.976,12.633,63,1,2,1.49,25.1,0.251,9.9044856,3.170883,0.320146156807982,32.0146156807982,0.0149,0.41022936,0.18823169999999997,0.45884502269657146,45.88450226965715
97,PC,23.902,13.725,63,1,4,1.97,32.9,0.32899999999999996,10.873019800000002,4.515524999999999,0.41529630986232535,41.52963098623253,0.0197,0.44744544,0.27038249999999997,0.6042803788546821,60.428037885468214
170,GM_PC,24.551,22.678,63,1,4,1.48,32.3,0.32299999999999995,10.5904077436,7.324993999999999,0.6916630763746224,69.16630763746224,0.0148,0.39170015705,0.3356344,0.8568656252980688,85.68656252980688
218,CR,23.109,15.065,63,1,4,1.74,33.3,0.33299999999999996,9.932248200000002,5.016645,0.5050865523074624,50.50865523074624,0.0174,0.33253851,0.26213099999999995,0.7882726123960799,78.82726123960799
343,AR,22.499,13.456,63,1,4,1.8,33.8,0.33799999999999997,9.2943369,4.548127999999999,0.48934400043105813,48.93440004310581,0.018000000000000002,0.38495788999999997,0.242208,0.6291805059509237,62.91805059509237
22,PC,24.076,16.434,63,2,6,2.03,39.5,0.395,10.9521724,6.491430000000001,0.5927070687820802,59.270706878208024,0.0203,0.45070272,0.3336102,0.7402001035183458,74.02001035183457
116,GM_PC,23.125,17.888,63,2,6,1.76,40.3,0.403,9.97528325,7.208864,0.7226726118278396,72.26726118278395,0.0176,0.36894896875000005,0.3148288000000001,0.853312589723833,85.3312589723833
389,AR,23.998,12.342,63,2,6,2.24,33.5,0.335,9.913573800000002,4.13457,0.4170615040965347,41.706150409653475,0.022400000000000003,0.41060578000000003,0.27646080000000006,0.6732998254432756,67.32998254432756
70,PC,25.476,17.302,63,2,7,1.56,39.4,0.394,11.5890324,6.816987999999999,0.5882275383059589,58.822753830595886,0.015600000000000001,0.47691072,0.2699112,0.565957502486,56.5957502486
157,GM_PC,24.978,19.517,63,2,7,1.65,41.5,0.415,10.7746000008,8.099554999999999,0.7517267461807042,75.17267461807042,0.0165,0.3985127499000001,0.3220305,0.8080807956101982,80.80807956101982
273,CR,23.094,12.616,63,2,7,1.88,38.8,0.388,9.9258012,4.895007999999999,0.4931599879312512,49.31599879312512,0.018799999999999997,0.33232266,0.23718079999999997,0.7137063719940132,71.37063719940132
366,AR,23.022,10.791,63,2,7,1.81,35,0.35,9.5103882,3.77685,0.39712889953324937,39.71288995332494,0.0181,0.39390642,0.19531710000000002,0.4958464500273949,49.58464500273949
43,PC,25.332,18.272,63,2,8,2.25,44,0.44,11.5235268,8.039679999999999,0.6976752985032324,69.76752985032324,0.0225,0.47421504000000003,0.41111999999999993,0.8669484628745641,86.6948462874564
189,GM_PC,24.415,19.866,63,2,8,1.69,41.6,0.416,10.531742294,8.264256000000001,0.7846997931869449,78.4699793186945,0.0169,0.38953033825,0.33573539999999996,0.8618979499987636,86.18979499987636
205,CR,22.536,12.977,63,2,8,1.78,38.7,0.387,9.6859728,5.022099,0.5184919577721713,51.849195777217126,0.0178,0.32429304000000003,0.2309906,0.7122897241334565,71.22897241334564
357,AR,23.357,12.036,63,2,8,1.76,36.6,0.366,9.6487767,4.405176,0.45655279803500887,45.65527980350089,0.0176,0.39963827,0.2118336,0.5300633495385715,53.00633495385715
92,PC,24.821,17.711,63,2,9,2.07,38.5,0.385,11.2910729,6.818734999999999,0.6039049663739217,60.39049663739217,0.0207,0.46464912,0.3666177,0.7890205409191348,78.90205409191347
190,GM_PC,24.735,18.978,63,2,9,1.57,38.4,0.384,10.669778646,7.287552000000001,0.6830087335253235,68.30087335253235,0.015700000000000002,0.39463579425,0.29795460000000007,0.7550115938323809,75.50115938323809
233,CR,23.154,13.805,63,2,9,1.88,33.5,0.335,9.9515892,4.624675,0.4647172333038023,46.47172333038023,0.018799999999999997,0.33318606,0.25953399999999993,0.7789461539897555,77.89461539897556
382,AR,22.831,10.933,63,2,9,2.05,35.8,0.358,9.4314861,3.914014,0.4149944089935095,41.49944089935095,0.020499999999999997,0.39063841,0.22412649999999998,0.573744143593048,57.3744143593048
68,PC,24.646,16.178,63,2,10,2.14,41.1,0.411,11.211465400000002,6.649158000000001,0.5930677001420349,59.306770014203494,0.021400000000000002,0.46137312,0.34620920000000005,0.7503887526000649,75.03887526000649
222,CR,23.061,9.177,63,2,10,1.59,37.8,0.37799999999999995,9.9116178,3.468905999999999,0.34998383412241735,34.998383412241736,0.0159,0.33184779,0.1459143,0.43970249131386413,43.97024913138641
316,AR,23.229,10.739,63,2,10,2.05,34.4,0.344,9.5958999,3.694216,0.38497858861574824,38.49785886157483,0.020499999999999997,0.39744819,0.2201495,0.5539074162093932,55.39074162093932
105,GM_PC,25.652,19.276,63,2,10,1.47,42.4,0.424,11.0653390672,8.173024,0.7386148721123754,73.86148721123755,0.0147,0.40926611660000006,0.2833572,0.6923544083101844,69.23544083101844
